PROLIFIC_PID,DemW10_R1,DemW18_R1,DemM6,DemM7,DemW3,prlfc_dem_age,DemC5,DemC8,DemC9
5e3f3666b504fb19a5fe769e,3.0,2.0,3.0,4.0,14.0,60.0,1.0,2.0,5.0
5ceef5a66441f4000139711f,2.0,1.0,2.0,1.0,47.0,52.0,2.0,2.0,5.0
5de1ad8ec638d4203bbc7c26,2.0,1.0,3.0,3.0,18.0,22.0,2.0,1.0,5.0
5d9b97c0654a3102c8112b9f,2.0,1.0,2.0,3.0,23.0,20.0,1.0,2.0,5.0
5e83ab61cd31510f15585845,2.0,2.0,4.0,1.0,47.0,25.0,2.0,2.0,5.0
5e274515f4dbbd97cb866f5e,2.0,1.0,3.0,3.0,43.0,32.0,2.0,2.0,5.0
5cc619058d2a1e001785c3aa,2.0,1.0,3.0,5.0,33.0,20.0,1.0,2.0,5.0
5e67524094c67a000a04ca8e,2.0,1.0,2.0,1.0,48.0,23.0,1.0,2.0,5.0
5699cf0625d9e9000db0c789,2.0,1.0,2.0,2.0,43.0,56.0,2.0,2.0,5.0
5c9ac1ed2497d20001689f53,2.0,1.0,2.0,2.0,5.0,29.0,2.0,2.0,5.0
58cec6c08460040001e1ee79,2.0,1.0,2.0,1.0,37.0,42.0,2.0,2.0,5.0
5de8bc74553cee8280a7dd84,2.0,1.0,3.0,2.0,5.0,22.0,1.0,1.0,5.0
5c4de75466c1530001c0e502,2.0,1.0,2.0,2.0,22.0,23.0,1.0,2.0,5.0
5e5554bb2f1d9c56332af459,3.0,5.0,2.0,3.0,21.0,37.0,2.0,2.0,5.0
5d204134abea8100173fa8a4,2.0,1.0,2.0,2.0,38.0,33.0,1.0,2.0,5.0
5e6ef277e02fac4be3672beb,2.0,5.0,3.0,4.0,10.0,27.0,1.0,2.0,5.0
5e83347f35bbd104e85a363e,2.0,1.0,2.0,3.0,10.0,20.0,1.0,1.0,6.0
5e64ff1841845826d0092f34,2.0,1.0,2.0,2.0,32.0,26.0,2.0,1.0,8.0
5d354625ca8f5b00178344b6,2.0,3.0,3.0,2.0,3.0,25.0,1.0,2.0,5.0
5d3b79a59d5c14000140c32f,2.0,4.0,2.0,2.0,5.0,46.0,2.0,2.0,6.0
5808f958b648e600016375dd,2.0,1.0,2.0,2.0,3.0,43.0,1.0,2.0,5.0
5e11d3a06f6c6387a67923c1,3.0,1.0,1.0,5.0,43.0,48.0,1.0,2.0,5.0
5d536c12e8e89600182760ad,2.0,1.0,3.0,2.0,13.0,24.0,1.0,2.0,5.0
5c43fc3c083ec5000180f46b,2.0,1.0,2.0,3.0,35.0,30.0,2.0,2.0,2.0
5e1a596b1739e92cc59c1154,2.0,1.0,3.0,4.0,5.0,18.0,1.0,2.0,2.0
59306fc35f170a00014358da,2.0,1.0,3.0,4.0,22.0,21.0,1.0,2.0,5.0
5d745d5ad259c60001062cc3,2.0,1.0,2.0,2.0,21.0,18.0,1.0,2.0,2.0
5c31a3a58a20f50001eaa6bd,2.0,1.0,2.0,2.0,30.0,19.0,1.0,2.0,5.0
5e2ffb147672de590836d96d,2.0,1.0,2.0,3.0,43.0,41.0,1.0,1.0,5.0
5e3a821036cd5e28f05fa245,2.0,7.0,2.0,2.0,47.0,21.0,1.0,2.0,5.0
5e546924b0c66e4778ba1904,2.0,3.0,3.0,4.0,43.0,19.0,1.0,2.0,5.0
5e33272d78e97401e4944570,2.0,1.0,2.0,3.0,24.0,19.0,1.0,2.0,4.0
5bc58e485c25130001f36ce9,2.0,1.0,3.0,2.0,47.0,30.0,2.0,1.0,6.0
5c9aecaa9647010018597d03,3.0,4.0,2.0,3.0,47.0,71.0,2.0,2.0,5.0
5b11ee789663ee0001460082,2.0,6.0,2.0,1.0,33.0,22.0,1.0,2.0,5.0
5e83d53c1c21011345af7cf0,2.0,1.0,1.0,5.0,9.0,25.0,1.0,2.0,5.0
59d6c710cfaf7400016113a1,2.0,1.0,4.0,1.0,30.0,28.0,2.0,2.0,2.0
571a3f73c97ad400083a2ea0,3.0,5.0,3.0,7.0,35.0,59.0,1.0,2.0,5.0
5d1ac27f339da6000112b0e1,2.0,3.0,2.0,2.0,9.0,28.0,2.0,1.0,7.0
596fecaa79754f0001b0581a,2.0,1.0,1.0,5.0,11.0,20.0,1.0,2.0,4.0
5a80e46a2a842c0001fc913f,3.0,1.0,3.0,2.0,22.0,62.0,2.0,2.0,5.0
5e3d80ab19e6ce03d34e8483,3.0,3.0,2.0,1.0,16.0,38.0,2.0,2.0,3.0
5d5337be36ced4000188f336,2.0,1.0,1.0,4.0,5.0,52.0,2.0,2.0,5.0
5d3cbeefbaf11000011eda09,2.0,1.0,3.0,1.0,36.0,23.0,2.0,2.0,5.0
5cbffba1f6ef910017e5059e,2.0,1.0,3.0,1.0,37.0,19.0,2.0,2.0,5.0
5c41e8f053b48b00013da044,3.0,3.0,3.0,1.0,3.0,54.0,2.0,2.0,5.0
5e7afd339984aa0f69d9d45b,1.0,2.0,3.0,4.0,47.0,28.0,1.0,2.0,5.0
5e3317e55bfa432efc905ea0,2.0,7.0,2.0,2.0,21.0,18.0,2.0,1.0,5.0
5e3238199202d9218f7ec75b,2.0,1.0,2.0,2.0,25.0,19.0,2.0,2.0,5.0
5e59bb355f26921d02b4ec5f,2.0,1.0,3.0,4.0,47.0,28.0,2.0,2.0,5.0
5c18703fbab95400015bd42c,2.0,1.0,2.0,2.0,14.0,24.0,2.0,2.0,5.0
5e798102bb0d6153ce71c3dd,2.0,1.0,2.0,2.0,22.0,19.0,2.0,2.0,4.0
5e62e02013d10e079abee365,2.0,1.0,2.0,1.0,13.0,21.0,1.0,2.0,5.0
5e682d5e109f340bac1b7dc5,2.0,1.0,1.0,5.0,42.0,18.0,1.0,2.0,5.0
5d14e8b5bc2e6f001b048c50,1.0,1.0,3.0,5.0,13.0,19.0,1.0,2.0,5.0
5cc24a0dd56649001715d5cc,2.0,1.0,3.0,2.0,28.0,21.0,2.0,2.0,2.0
5e45f26b38920c0dd33a51d2,2.0,1.0,2.0,3.0,20.0,25.0,2.0,2.0,5.0
5e615e8b0e96270277ba8c61,2.0,1.0,3.0,1.0,5.0,22.0,2.0,2.0,5.0
5e8639bd69ef02096abc2ba8,1.0,1.0,4.0,4.0,5.0,22.0,1.0,2.0,2.0
5e7132101d4f7e04f03cfc7b,2.0,1.0,3.0,4.0,42.0,31.0,1.0,2.0,4.0
5b6c312fa1fda800015fe165,2.0,1.0,2.0,3.0,32.0,29.0,2.0,2.0,4.0
5e5963e7d9d6811731e7eff9,2.0,1.0,4.0,4.0,37.0,32.0,1.0,2.0,5.0
5c533df8c94b6a0001708f23,2.0,1.0,2.0,2.0,47.0,24.0,1.0,2.0,5.0
5c0873de3be61100011a6aa5,2.0,1.0,2.0,1.0,29.0,23.0,1.0,2.0,5.0
5e06385f783225024e96cecb,2.0,1.0,2.0,1.0,14.0,29.0,2.0,2.0,5.0
5e2a290c6394eb0922046dcb,2.0,1.0,2.0,1.0,23.0,19.0,1.0,2.0,5.0
5dd7006f49f6076a287c65a2,2.0,1.0,3.0,5.0,11.0,38.0,2.0,2.0,6.0
5dcc72630a493f9157f2604f,2.0,1.0,3.0,2.0,12.0,33.0,2.0,1.0,5.0
589fcf7a9b4be40001fdcff5,2.0,1.0,2.0,1.0,5.0,34.0,2.0,2.0,5.0
5d3901e2b507ff00196f3d9a,2.0,1.0,3.0,3.0,28.0,19.0,2.0,2.0,2.0
5b2eae5577b17f0001c037af,2.0,1.0,3.0,4.0,9.0,51.0,2.0,2.0,5.0
5c95f9b9700dc10001e5ac1d,1.0,1.0,2.0,2.0,47.0,19.0,2.0,2.0,5.0
5c91c01129b394001a4e473b,2.0,1.0,2.0,2.0,21.0,23.0,1.0,2.0,5.0
5ce7b1fbb215230001627697,2.0,1.0,3.0,4.0,5.0,25.0,1.0,1.0,7.0
5dfa01ba94d5ee759ff81e76,2.0,1.0,2.0,2.0,5.0,24.0,2.0,2.0,4.0
5a9b336e35237b0001129894,2.0,1.0,2.0,2.0,22.0,27.0,1.0,2.0,5.0
5e5eddc2cf9c0421512e2591,2.0,1.0,2.0,3.0,30.0,19.0,1.0,1.0,4.0
5a725fb26923df0001efbdd5,1.0,1.0,2.0,2.0,43.0,23.0,1.0,2.0,5.0
5e45f4cbbc594a0dc5429501,2.0,1.0,2.0,1.0,47.0,35.0,2.0,2.0,5.0
5de7d7bccdff8e749abf25da,2.0,1.0,2.0,1.0,23.0,24.0,1.0,1.0,5.0
5e55edb704c4295fbe1a67bd,2.0,1.0,2.0,2.0,18.0,31.0,2.0,1.0,5.0
5be7d32d25507300010da343,2.0,1.0,2.0,2.0,14.0,70.0,2.0,2.0,5.0
5cfafb7a2aab1f001c01148a,2.0,1.0,4.0,1.0,25.0,23.0,1.0,2.0,5.0
5e7e46bfa10d910843e02743,2.0,1.0,2.0,3.0,32.0,26.0,1.0,2.0,5.0
5e261be0eb4755875c2f9a4f,2.0,1.0,2.0,3.0,5.0,19.0,2.0,2.0,2.0
5e58cfeeb542010d36f52748,2.0,1.0,2.0,3.0,3.0,19.0,2.0,2.0,2.0
5e434446c3444f1e6542bc70,2.0,1.0,2.0,3.0,21.0,29.0,1.0,2.0,2.0
5de58675c3bd2850ab72ce29,2.0,1.0,1.0,5.0,14.0,25.0,1.0,2.0,5.0
56c3072fc51218000c97bf1d,2.0,1.0,4.0,5.0,18.0,44.0,1.0,2.0,5.0
5dc11d8c718e6d09c1b92632,1.0,3.0,4.0,1.0,43.0,36.0,2.0,2.0,5.0
5d6f05f6d6cc190019007d8a,1.0,1.0,2.0,3.0,9.0,55.0,1.0,2.0,4.0
5c3277502c45d400014b6e98,1.0,4.0,2.0,2.0,32.0,31.0,2.0,3.0,5.0
5e7122b1264abb03216183b8,2.0,1.0,2.0,2.0,43.0,36.0,1.0,2.0,2.0
5e346c9e79b735000d4c90f6,1.0,1.0,2.0,4.0,39.0,38.0,1.0,2.0,5.0
5e37a77a0a653d730b7a749d,2.0,1.0,2.0,3.0,22.0,29.0,2.0,2.0,5.0
5966de578c50e50001a4e743,2.0,1.0,2.0,4.0,43.0,32.0,2.0,1.0,5.0
5e5c28cb35c0c541339c770a,2.0,1.0,1.0,5.0,5.0,32.0,2.0,2.0,5.0
5bc934c69427200001dd4ef2,2.0,1.0,3.0,4.0,13.0,63.0,2.0,2.0,5.0
5e5b044f52cf7730575d3dcd,1.0,1.0,2.0,1.0,38.0,36.0,1.0,2.0,5.0
5c71bdec87f8cd0001b458f5,2.0,1.0,2.0,1.0,28.0,23.0,2.0,1.0,7.0
59fb9324087f2e0001ead5d0,2.0,1.0,2.0,2.0,14.0,46.0,2.0,2.0,4.0
5e6bcaae09ee4f04bf41d1a2,2.0,1.0,2.0,2.0,5.0,29.0,1.0,2.0,5.0
5e6d77b443c84834a4a772f2,2.0,1.0,2.0,1.0,5.0,23.0,2.0,3.0,8.0
56f2a49ced0cf600069131cd,2.0,1.0,1.0,6.0,33.0,30.0,2.0,2.0,6.0
5a6b35d3d5d4cb0001d643d8,1.0,7.0,1.0,5.0,22.0,49.0,1.0,2.0,5.0
5c2d2d6cc8ebae0001a41397,2.0,1.0,3.0,2.0,32.0,47.0,1.0,2.0,4.0
5d1f71def861790016fafb83,2.0,1.0,1.0,6.0,43.0,41.0,2.0,1.0,5.0
5e5e9eefec44c51c155e9015,1.0,1.0,2.0,1.0,49.0,40.0,2.0,2.0,5.0
5e61c57dc5c7450c344f2e82,2.0,1.0,2.0,2.0,5.0,24.0,2.0,2.0,5.0
5c89870b9cef4f0001a1a295,2.0,1.0,3.0,4.0,5.0,26.0,1.0,2.0,4.0
5e721a260eb64f000ccf0851,1.0,1.0,2.0,4.0,23.0,35.0,1.0,2.0,5.0
5dfd1c9bacd5cea131f965d3,1.0,1.0,2.0,2.0,10.0,20.0,2.0,2.0,5.0
5dac11ae4f3f0100165adcbf,1.0,1.0,2.0,1.0,5.0,21.0,2.0,2.0,5.0
5e13cec37dd477a1d7953b68,1.0,1.0,3.0,2.0,30.0,20.0,2.0,2.0,6.0
5a60237c76d1c60001ab8945,1.0,1.0,2.0,2.0,9.0,36.0,2.0,2.0,5.0
5bfce094aa5fa30001364b46,1.0,1.0,2.0,2.0,32.0,43.0,2.0,2.0,5.0
5cbb2f0403229d0001bbecc3,1.0,4.0,1.0,6.0,22.0,55.0,2.0,2.0,5.0
5e8244ac09f1af094e7373e0,2.0,1.0,2.0,2.0,37.0,22.0,1.0,2.0,5.0
5da3dfbcbbbc120019e083ee,2.0,1.0,1.0,7.0,20.0,40.0,1.0,2.0,5.0
5e723ffcc1c46a022a71a6dd,2.0,1.0,2.0,1.0,38.0,31.0,2.0,2.0,5.0
5e5ec4b603a4721fa9447858,2.0,1.0,2.0,2.0,23.0,26.0,2.0,2.0,4.0
5e14ab383ccda2aaf0e0f824,1.0,1.0,2.0,1.0,14.0,21.0,2.0,1.0,5.0
5e26341c63251a881e185ecf,2.0,1.0,2.0,1.0,33.0,46.0,2.0,2.0,5.0
5b8375c216aa4400016added,2.0,1.0,3.0,2.0,11.0,30.0,2.0,2.0,2.0
5e700047b3d2255e3c172af2,2.0,1.0,2.0,2.0,37.0,25.0,2.0,2.0,5.0
5d32254ab202db00014d5d31,1.0,1.0,1.0,5.0,42.0,48.0,2.0,2.0,5.0
5dc6917d2865554b3c64ffe3,1.0,1.0,3.0,2.0,18.0,45.0,1.0,1.0,6.0
5e0317ef5cc380e6f11cd949,1.0,1.0,2.0,2.0,22.0,27.0,1.0,2.0,5.0
5ae12548dee8590001b08925,1.0,1.0,2.0,3.0,30.0,44.0,2.0,2.0,4.0
5e2912f40188050e1145e311,1.0,1.0,2.0,1.0,5.0,22.0,2.0,2.0,5.0
5e435c363641531e7d8eec48,2.0,1.0,2.0,4.0,32.0,27.0,1.0,2.0,2.0
5dd86824e05cad81fce52dac,1.0,5.0,2.0,2.0,35.0,33.0,2.0,2.0,5.0
5dd2441687c1fd266f9457f6,1.0,2.0,2.0,1.0,27.0,18.0,2.0,2.0,5.0
5d1b88dd6fb351001b70ae41,1.0,5.0,1.0,5.0,22.0,31.0,2.0,2.0,5.0
5e500ab1ec45d305b6b82d9f,2.0,1.0,2.0,2.0,48.0,29.0,2.0,2.0,5.0
5b0c4e2a641b1200010ee2d4,2.0,1.0,4.0,5.0,13.0,56.0,1.0,2.0,5.0
5cf1f164fb05610017de2327,1.0,1.0,3.0,4.0,5.0,23.0,1.0,2.0,6.0
5e6e8c2f3c76d24494af3c22,1.0,1.0,1.0,6.0,3.0,27.0,1.0,2.0,5.0
5b25e250a7cee100011d91fc,2.0,1.0,3.0,3.0,22.0,26.0,1.0,2.0,5.0
5e846b1a3e3e9c0008cb278a,1.0,1.0,3.0,5.0,13.0,34.0,1.0,1.0,6.0
5dded5423c870ae417c1a468,2.0,1.0,2.0,1.0,47.0,57.0,2.0,2.0,5.0
5e3e01d5194a5607f3335fa3,1.0,3.0,4.0,4.0,35.0,48.0,2.0,2.0,5.0
5694f1d9e0c800000b5a38d2,1.0,1.0,2.0,2.0,33.0,53.0,1.0,2.0,5.0
5e77e567a50439354b80a269,1.0,3.0,2.0,5.0,47.0,23.0,1.0,2.0,2.0
5a416b5fee927b0001e1d5ae,1.0,3.0,2.0,1.0,43.0,30.0,2.0,2.0,5.0
59f21fe8cc514a00011a66cf,1.0,1.0,4.0,6.0,3.0,44.0,2.0,2.0,5.0
5a7a82058fe2dc00010599c0,2.0,1.0,3.0,3.0,38.0,27.0,1.0,2.0,5.0
5e78d6a1e1f94646342ff633,1.0,2.0,2.0,3.0,49.0,21.0,1.0,2.0,2.0
5dc86f46292aaa5da9d04d55,1.0,2.0,3.0,1.0,36.0,35.0,1.0,3.0,6.0
5e424d35109b470e70cf8cd2,1.0,3.0,2.0,1.0,32.0,20.0,1.0,1.0,5.0
5e52c2053b69c32d5e370d07,1.0,2.0,2.0,2.0,14.0,32.0,1.0,2.0,5.0
5d446e139e66b9001977d99c,1.0,2.0,2.0,2.0,48.0,43.0,2.0,2.0,5.0
5bc9206a66d04800015cf314,1.0,1.0,1.0,6.0,17.0,35.0,1.0,2.0,5.0
5e83a246de96140e1197339b,2.0,7.0,1.0,6.0,5.0,24.0,1.0,2.0,2.0
5a13e58baac54e00011ac832,1.0,1.0,2.0,2.0,9.0,36.0,2.0,2.0,5.0
5e4343d28dd7b51e2babcaeb,1.0,5.0,2.0,3.0,32.0,27.0,1.0,2.0,4.0
5e2de24543f2a8000d0cf1a4,1.0,3.0,2.0,1.0,17.0,30.0,2.0,2.0,5.0
5c24ba7017d86a00017d2969,1.0,3.0,3.0,3.0,43.0,55.0,2.0,2.0,5.0
5e52de8543a1fb2fdea19f70,1.0,2.0,2.0,1.0,3.0,29.0,2.0,2.0,5.0
5dcb1db49173807fc66660cb,1.0,3.0,2.0,1.0,5.0,23.0,2.0,1.0,6.0
5a435c4c56ec1100014a2759,1.0,4.0,2.0,2.0,43.0,29.0,1.0,2.0,6.0
5aad26a554f40d0001d1c575,1.0,3.0,3.0,4.0,5.0,32.0,1.0,2.0,5.0
5e51bf1e1f03c41f64664294,1.0,5.0,1.0,5.0,9.0,36.0,1.0,2.0,5.0
5e702661ff04d660078e2be3,1.0,2.0,2.0,2.0,5.0,21.0,1.0,2.0,6.0
5aee513f3606ab0001b92b29,1.0,3.0,3.0,2.0,16.0,35.0,1.0,2.0,5.0
5bd494e5669ee1000144c587,2.0,1.0,2.0,1.0,5.0,28.0,2.0,1.0,1.0
5dd58f5c27c256000b44f756,1.0,2.0,3.0,4.0,15.0,32.0,1.0,2.0,5.0
5abe6156e1546900019bc55d,1.0,2.0,2.0,3.0,9.0,27.0,1.0,2.0,5.0
5e716f1e8a0abe09a2b6c71b,1.0,2.0,2.0,1.0,49.0,18.0,2.0,2.0,4.0
5c7ff86348022a0017755632,1.0,1.0,2.0,3.0,38.0,44.0,2.0,2.0,5.0
5dd90a3435582289230264c8,1.0,3.0,2.0,2.0,22.0,63.0,2.0,2.0,5.0
5d222195b134f70016d18fef,1.0,2.0,2.0,4.0,18.0,23.0,2.0,2.0,4.0
5e10f3356aab7c7a4df7e502,1.0,5.0,2.0,2.0,5.0,58.0,2.0,2.0,5.0
57c9c13079ad9b0001e416be,1.0,3.0,3.0,5.0,3.0,48.0,2.0,2.0,5.0
5e69a561db36bb013fed6ad9,1.0,1.0,3.0,4.0,43.0,46.0,2.0,2.0,5.0
5849061d0c097700012a1ed4,1.0,6.0,3.0,3.0,33.0,52.0,1.0,2.0,5.0
56c8915edfea6c000cb29c98,1.0,3.0,2.0,1.0,48.0,39.0,2.0,2.0,2.0
5e4dab4b294f660b80dd0943,1.0,3.0,4.0,1.0,23.0,38.0,1.0,2.0,5.0
570d30d942a1db000fc4cf87,1.0,2.0,1.0,5.0,15.0,57.0,2.0,2.0,5.0
5b2890f10ec82d0001d24b61,1.0,4.0,1.0,4.0,32.0,53.0,2.0,2.0,5.0
5da9fec949bab300155afb7f,1.0,7.0,2.0,2.0,32.0,45.0,2.0,2.0,5.0
5e85547fc0a35112943cc942,1.0,2.0,2.0,1.0,1.0,28.0,2.0,2.0,4.0
5de2da1693203f3075e3ad64,1.0,4.0,3.0,3.0,5.0,24.0,1.0,1.0,7.0
5b2a3d8ba884a20001e3c807,1.0,3.0,2.0,3.0,5.0,56.0,1.0,2.0,4.0
56f0393f3f71990005d0e66d,1.0,4.0,3.0,5.0,5.0,42.0,1.0,2.0,5.0
5b48f2d0ff7497000125165e,2.0,3.0,2.0,3.0,47.0,29.0,1.0,2.0,5.0
55f1d57632af74001217014d,2.0,1.0,4.0,4.0,5.0,24.0,2.0,2.0,5.0
5a69b952f561b400011e188d,1.0,3.0,2.0,3.0,14.0,48.0,1.0,2.0,5.0
5b11882a2f283900014b184b,1.0,4.0,3.0,5.0,12.0,31.0,1.0,2.0,5.0
5d41e832b0ca7200169d857e,1.0,5.0,3.0,6.0,5.0,82.0,1.0,2.0,5.0
5c5c7091ae14ac0001332137,1.0,5.0,2.0,2.0,46.0,51.0,1.0,2.0,5.0
55b47001fdf99b615b12d66c,1.0,5.0,2.0,4.0,5.0,60.0,1.0,2.0,5.0
5cd8c94c99e9d00001465e35,1.0,4.0,1.0,5.0,19.0,50.0,1.0,2.0,5.0
5ddf84eece1ce6effc504c35,1.0,3.0,2.0,1.0,38.0,37.0,2.0,2.0,5.0
5dec6b983ccb8a34a5a001cd,1.0,3.0,3.0,5.0,5.0,41.0,1.0,2.0,2.0
5aeb6910b4db26000104e095,1.0,3.0,3.0,3.0,38.0,27.0,1.0,2.0,5.0
5da362297959a00018726e46,1.0,4.0,1.0,7.0,25.0,27.0,1.0,2.0,5.0
5e727d3f75cb7d1d4f847721,1.0,4.0,2.0,1.0,13.0,42.0,2.0,2.0,5.0
5db88aadfa868a000a9a0ce1,1.0,4.0,3.0,2.0,5.0,45.0,1.0,2.0,5.0
59c3289b8e6ea10001f7b926,1.0,3.0,2.0,3.0,5.0,34.0,2.0,2.0,2.0
5e668af8b5853c403cb8ef4a,1.0,5.0,2.0,2.0,5.0,29.0,1.0,2.0,5.0
5b98a24fb38cca0001437082,1.0,3.0,2.0,3.0,6.0,40.0,1.0,2.0,5.0
58db227dc207720001e2f63a,1.0,3.0,3.0,3.0,21.0,54.0,1.0,2.0,5.0
5e0f66eb54e2f0676f516b27,1.0,3.0,3.0,4.0,33.0,34.0,1.0,2.0,5.0
58f76757fb4d7500014af761,1.0,3.0,1.0,6.0,16.0,27.0,2.0,2.0,5.0
57c725d89a5f4f0001f661bd,1.0,5.0,1.0,6.0,37.0,46.0,1.0,2.0,5.0
58fe3459571f7000011c1be1,1.0,5.0,4.0,2.0,5.0,42.0,1.0,2.0,5.0
5d950548d4ff5900180f87b5,1.0,4.0,2.0,2.0,5.0,34.0,1.0,1.0,5.0
5cf908a436b40600153b3746,1.0,3.0,2.0,1.0,5.0,50.0,2.0,1.0,7.0
5e187afdb3b4bb0238c1e490,1.0,2.0,2.0,6.0,25.0,21.0,1.0,2.0,2.0
59fdb129728b1b0001ad871d,1.0,2.0,2.0,1.0,46.0,42.0,2.0,2.0,6.0
59c6305e6a287600011c388d,1.0,3.0,2.0,1.0,9.0,26.0,1.0,2.0,5.0
5bf2337547415500011598f0,1.0,4.0,3.0,2.0,13.0,36.0,1.0,2.0,5.0
5a8f7e24ae9a0b0001aa4e9c,1.0,6.0,2.0,1.0,37.0,27.0,1.0,1.0,5.0
5c689b1d0487640001026127,1.0,3.0,1.0,6.0,14.0,29.0,2.0,2.0,5.0
5e4dd61e228f8723566e06d4,1.0,3.0,1.0,5.0,5.0,23.0,1.0,2.0,5.0
5b98940f754b700001f0f15c,1.0,1.0,1.0,7.0,4.0,54.0,2.0,2.0,5.0
5d6ef023cfe0a400198f911e,1.0,5.0,3.0,3.0,13.0,30.0,1.0,2.0,5.0
5e1fa6a063251a2de1d6b236,1.0,4.0,2.0,2.0,44.0,34.0,1.0,2.0,5.0
5dbcd5dd7125df26a5fce2f3,1.0,5.0,2.0,2.0,5.0,33.0,1.0,2.0,6.0
5c3bfa59e8ff27000171a46a,1.0,5.0,3.0,5.0,30.0,28.0,1.0,2.0,2.0
5e6c81b731cc1e23c9e0fa0d,1.0,3.0,4.0,5.0,25.0,23.0,1.0,2.0,5.0
5bbbca5d63ea8a00019bd7fa,1.0,4.0,2.0,2.0,22.0,31.0,2.0,2.0,5.0
5bf60a763b6cdc00010fb34c,1.0,3.0,3.0,4.0,10.0,42.0,1.0,2.0,5.0
59f986488a2d3d00012c199e,1.0,3.0,2.0,2.0,36.0,28.0,1.0,2.0,2.0
5e67bdafe78ec00240eb489d,1.0,3.0,1.0,4.0,1.0,46.0,1.0,2.0,5.0
56f850b61b99b8000c3657a6,1.0,4.0,2.0,2.0,3.0,49.0,2.0,2.0,5.0
561c4cee811d22000ff316d5,1.0,3.0,2.0,3.0,35.0,47.0,2.0,2.0,5.0
5b8e01754457e80001f2ea75,1.0,4.0,2.0,2.0,5.0,26.0,1.0,1.0,5.0
5d72974705a71e00015a7905,1.0,3.0,3.0,2.0,47.0,53.0,2.0,2.0,5.0
5c1a85dcc8a84e0001a84370,1.0,6.0,3.0,4.0,5.0,45.0,1.0,2.0,5.0
5d8e258e7a33770016980d2b,1.0,3.0,4.0,1.0,43.0,29.0,2.0,2.0,5.0
5dcf1dd6e4f4a006d66099c7,1.0,5.0,2.0,2.0,5.0,50.0,1.0,2.0,5.0
5e83ccc8df69770faa0f891b,2.0,1.0,2.0,1.0,5.0,18.0,1.0,1.0,5.0
5d5098ef7d9cfb001592b03e,2.0,1.0,2.0,2.0,47.0,19.0,2.0,2.0,2.0
5e6db3f02649e03834220ef0,2.0,1.0,1.0,6.0,46.0,20.0,1.0,2.0,5.0
5bd44384f656800001b6eae1,2.0,1.0,2.0,1.0,9.0,22.0,1.0,2.0,5.0
5b0b68fcbd9c31000156311d,2.0,1.0,3.0,4.0,43.0,19.0,1.0,1.0,1.0
5e3c4f807635c2012090dc10,2.0,3.0,2.0,1.0,15.0,20.0,1.0,2.0,2.0
5dd344433228863572845855,2.0,1.0,3.0,2.0,32.0,41.0,2.0,2.0,5.0
5d41ba8f17bbbd0017e66e4a,2.0,1.0,3.0,5.0,13.0,20.0,1.0,2.0,6.0
5e1f97965851982c1de2c535,2.0,1.0,2.0,3.0,38.0,19.0,1.0,2.0,5.0
5df463c58640203215f17b97,2.0,1.0,2.0,2.0,5.0,45.0,2.0,2.0,6.0
5d143d11f4b685001c1992a9,2.0,1.0,2.0,1.0,5.0,19.0,2.0,2.0,2.0
5e7e7bfe66904255805bba88,2.0,1.0,2.0,2.0,13.0,20.0,1.0,2.0,5.0
5d4a15309855f10015912c4b,1.0,1.0,2.0,1.0,5.0,30.0,2.0,2.0,6.0
5c0c23a7217d60000112173a,2.0,1.0,2.0,2.0,35.0,21.0,2.0,2.0,5.0
5e6d38bc3c76d22f22a20746,2.0,1.0,3.0,4.0,43.0,21.0,1.0,2.0,4.0
5e5307a797da5232c92eeeee,1.0,1.0,2.0,2.0,43.0,19.0,2.0,2.0,5.0
5b176378f6cef00001429549,2.0,1.0,2.0,2.0,37.0,43.0,2.0,2.0,5.0
5e65a3395a3e4e323e0b76e2,1.0,1.0,1.0,6.0,42.0,20.0,1.0,2.0,5.0
5e3abacf0d41ad2b850b56f5,2.0,1.0,2.0,2.0,47.0,43.0,2.0,2.0,5.0
5cffd34e74e65b0019305bc4,2.0,1.0,2.0,1.0,15.0,31.0,2.0,2.0,5.0
5e53e396976c923ee6551945,2.0,1.0,2.0,2.0,22.0,20.0,1.0,2.0,4.0
5c00224bd5b5b60001317eba,2.0,1.0,2.0,1.0,46.0,22.0,2.0,2.0,5.0
5e782094dec8903a2b88cc4c,2.0,1.0,2.0,2.0,43.0,18.0,1.0,1.0,1.0
5e3785d80d436271fbb1cf8e,2.0,1.0,2.0,3.0,1.0,22.0,1.0,2.0,5.0
5da7591d4a177900114872be,2.0,1.0,3.0,1.0,5.0,27.0,2.0,2.0,5.0
5dd3bfcd8b8df139ce007928,1.0,7.0,2.0,2.0,47.0,51.0,1.0,2.0,5.0
5e7d280b351b5c0d4a41d376,2.0,1.0,3.0,4.0,32.0,22.0,2.0,2.0,5.0
5e59d06dba01301e73cba7d6,1.0,4.0,3.0,5.0,32.0,31.0,2.0,2.0,5.0
5d07bfed880f9c001c886e61,2.0,1.0,3.0,4.0,30.0,18.0,2.0,2.0,5.0
5e796a1235dbf5532521c703,2.0,1.0,2.0,2.0,25.0,44.0,2.0,2.0,4.0
5e788817409bdd3fc0d237f3,2.0,1.0,2.0,1.0,43.0,27.0,1.0,2.0,5.0
5e755ec0ba508e000b9cfafe,1.0,4.0,2.0,4.0,5.0,28.0,1.0,2.0,4.0
5d219d16072b440018aebe98,2.0,1.0,2.0,2.0,5.0,28.0,2.0,2.0,4.0
5e3c8290bb3373000c235d9d,1.0,1.0,3.0,4.0,13.0,43.0,2.0,2.0,5.0
57a761c22fc0d400012c9656,2.0,1.0,2.0,2.0,47.0,38.0,1.0,2.0,5.0
5e7b3802fd67fa000c2ac785,2.0,1.0,3.0,4.0,37.0,19.0,1.0,1.0,6.0
5afdde7e59ae1e00017e6737,1.0,1.0,1.0,6.0,30.0,27.0,1.0,2.0,5.0
5bce72fa5868570001b2df5e,1.0,1.0,3.0,3.0,42.0,24.0,2.0,2.0,5.0
5c5278c798b0ff000110f559,2.0,1.0,2.0,2.0,35.0,46.0,2.0,2.0,5.0
5bd7ef36e4d5b00001a9b99e,1.0,3.0,3.0,3.0,43.0,29.0,1.0,2.0,5.0
5e79393ad1dff84f7ccecb7b,1.0,1.0,2.0,2.0,43.0,21.0,1.0,1.0,5.0
5c32a03c10677f0001de1192,1.0,6.0,2.0,2.0,40.0,29.0,2.0,2.0,5.0
581fcf9e8fbbba0001c0aa8a,1.0,1.0,1.0,6.0,13.0,62.0,1.0,2.0,5.0
5da8d4ea813dc400156b8cbf,1.0,1.0,4.0,6.0,3.0,33.0,2.0,2.0,5.0
5a0f3abf6e1ea9000124eeaf,1.0,4.0,3.0,1.0,5.0,45.0,2.0,2.0,6.0
5e81725fb86374854ebad3be,1.0,7.0,1.0,5.0,35.0,18.0,1.0,2.0,5.0
5e7a97db523a3907e00b8418,1.0,4.0,2.0,3.0,43.0,30.0,2.0,2.0,6.0
5e48f4f7250a723762326141,1.0,1.0,1.0,6.0,10.0,20.0,1.0,2.0,5.0
5dd343caade46233305ca71a,1.0,4.0,2.0,1.0,21.0,45.0,2.0,2.0,5.0
5e5305059c4fde32637fb5c5,1.0,3.0,1.0,5.0,5.0,27.0,1.0,2.0,5.0
5e11afdc6e4db6860898a5b9,1.0,2.0,1.0,6.0,47.0,26.0,2.0,2.0,5.0
5e483052a742a3000f7c15e8,1.0,3.0,2.0,1.0,35.0,29.0,2.0,2.0,5.0
5dd384887c0ebc382f0a919e,1.0,5.0,1.0,7.0,5.0,48.0,1.0,2.0,5.0
5e77fdfd5369a0382cdaeaa0,1.0,3.0,1.0,5.0,5.0,30.0,1.0,3.0,5.0
5dcecd508950ba000ae20e8d,1.0,5.0,2.0,1.0,46.0,59.0,2.0,2.0,5.0
5e7ba5cdf4c3fb1c99c55198,1.0,2.0,4.0,5.0,22.0,26.0,2.0,2.0,5.0
58570f831e70c2000128ebf6,1.0,3.0,2.0,3.0,26.0,42.0,2.0,2.0,5.0
5c2f9cddc5459b0001bae5b3,1.0,3.0,2.0,3.0,13.0,23.0,2.0,1.0,7.0
5adf874e066c510001d454f5,1.0,3.0,2.0,2.0,49.0,40.0,2.0,2.0,5.0
5dc1d16946c7ba134f6626bc,1.0,4.0,2.0,2.0,46.0,30.0,1.0,2.0,6.0
5e42d845eeef32027704ba6d,1.0,2.0,2.0,3.0,3.0,34.0,1.0,1.0,7.0
5e6be840c715c71aa2645e81,1.0,3.0,3.0,2.0,5.0,29.0,1.0,1.0,6.0
5c3d504ede04ad0001d8be54,1.0,3.0,1.0,7.0,47.0,37.0,2.0,2.0,5.0
5e83c5a7c6b0fb113333a26f,1.0,2.0,2.0,2.0,32.0,28.0,2.0,2.0,5.0
5e436ce25fd10620402cf68c,1.0,2.0,1.0,5.0,42.0,54.0,2.0,2.0,5.0
58509fbda6946500016117ed,1.0,3.0,1.0,6.0,14.0,35.0,1.0,2.0,5.0
5e5dcce0e58b6a0f18009f84,1.0,4.0,1.0,5.0,43.0,25.0,2.0,2.0,5.0
5dd984381096ea907a3272f2,1.0,1.0,1.0,6.0,22.0,18.0,1.0,2.0,5.0
5e7274034597370a3c028d88,1.0,5.0,2.0,6.0,5.0,28.0,1.0,2.0,4.0
5e55540f411bb4036121828c,1.0,3.0,1.0,6.0,42.0,29.0,1.0,2.0,5.0
5ad79dd33ba33e0001c8c9ec,1.0,4.0,2.0,2.0,22.0,36.0,1.0,2.0,4.0
5e39448ea9cf9414e733ff48,1.0,2.0,3.0,2.0,44.0,25.0,1.0,1.0,6.0
5c87439d3cfc0d0016f52ebc,1.0,3.0,1.0,6.0,5.0,59.0,1.0,2.0,5.0
5e837c7fa8e0390bd1fc3d60,1.0,2.0,3.0,4.0,5.0,42.0,2.0,2.0,4.0
5de80e0b521f95791f912e49,1.0,2.0,2.0,2.0,18.0,28.0,2.0,2.0,2.0
5e4eb10fa905592fd38e65a0,1.0,3.0,3.0,2.0,25.0,28.0,2.0,2.0,5.0
5e7aab0aa43b6e000b371af2,1.0,5.0,2.0,4.0,11.0,31.0,1.0,2.0,2.0
5e56fa4549c8f20ba2f69ca4,1.0,5.0,2.0,1.0,46.0,30.0,2.0,2.0,5.0
5c3c371c720fc7000162fe17,1.0,4.0,2.0,3.0,43.0,33.0,1.0,2.0,5.0
5e432b8b3f2ecf1bad55c133,1.0,3.0,2.0,1.0,47.0,30.0,2.0,2.0,5.0
5aa8b1d64eecca0001de0e3a,1.0,3.0,1.0,6.0,5.0,66.0,2.0,1.0,5.0
5e421fc6b99a870bad757991,1.0,4.0,2.0,3.0,5.0,31.0,1.0,2.0,5.0
5e62ae018b697304c388e207,1.0,3.0,2.0,1.0,5.0,29.0,2.0,2.0,5.0
5d4c92d7c6a3d60001173022,1.0,3.0,2.0,2.0,49.0,34.0,2.0,2.0,5.0
55887d59fdf99b5a48cf2c73,1.0,3.0,2.0,2.0,30.0,24.0,1.0,2.0,5.0
5dd403c4794e103dc51d03ef,1.0,3.0,3.0,4.0,4.0,40.0,1.0,2.0,5.0
5e508e68b8c9ad0e9ee96f35,1.0,6.0,1.0,7.0,25.0,48.0,1.0,2.0,5.0
5e5373b9f3b86337e9295ee6,1.0,4.0,2.0,1.0,5.0,29.0,2.0,2.0,2.0
592bb32c943e670001cde123,1.0,3.0,2.0,1.0,5.0,35.0,1.0,2.0,5.0
5d6b596f76cca6000166d81d,1.0,5.0,3.0,4.0,5.0,29.0,1.0,2.0,5.0
5e6a139a0b0cc30726a72dda,2.0,1.0,2.0,2.0,5.0,22.0,1.0,2.0,5.0
5e4570990fe9b405dc31479e,2.0,1.0,3.0,4.0,9.0,38.0,2.0,2.0,5.0
5e3d775ce78aa1034d81f20d,2.0,1.0,2.0,2.0,6.0,34.0,2.0,2.0,5.0
5b3edc9498a45e0001ede987,2.0,3.0,2.0,1.0,9.0,42.0,2.0,2.0,5.0
5d26222d2cbf2c00170c5ff9,2.0,7.0,2.0,2.0,5.0,19.0,1.0,2.0,2.0
5e77a47216fafe318117b976,1.0,1.0,1.0,5.0,22.0,18.0,2.0,2.0,5.0
5e7412779ee7f639757bd879,1.0,1.0,2.0,2.0,40.0,25.0,2.0,2.0,5.0
5e7be8f40e6075230ce30552,1.0,1.0,2.0,2.0,37.0,29.0,2.0,1.0,5.0
5e372f7ee63d3c000b152fc2,1.0,1.0,4.0,1.0,43.0,30.0,2.0,1.0,6.0
5e4dbee2ada9fa000d2fa11e,1.0,1.0,2.0,4.0,32.0,19.0,2.0,2.0,4.0
5cbe04b4f429ff00159de30e,1.0,4.0,2.0,2.0,43.0,34.0,2.0,2.0,4.0
5e52197989d7ad237d9e1d34,1.0,3.0,3.0,4.0,32.0,36.0,1.0,1.0,4.0
5e217a34e8ff3a469b5dfebc,1.0,5.0,2.0,4.0,45.0,22.0,2.0,2.0,1.0
5d79862d0e0a1400015483d5,1.0,4.0,1.0,5.0,43.0,23.0,2.0,2.0,5.0
5df56b3658a5c73e84d32d74,1.0,5.0,2.0,1.0,5.0,24.0,1.0,2.0,5.0
5e7acbd0373d5e0c087a112c,1.0,3.0,2.0,3.0,23.0,25.0,1.0,2.0,5.0
5cb103add6d1c200015ab9f2,1.0,5.0,1.0,7.0,23.0,40.0,2.0,2.0,5.0
5e0a543f11999f2fc82af075,2.0,1.0,2.0,2.0,32.0,22.0,2.0,2.0,5.0
5e69694e12215e22b44a7bc9,2.0,1.0,2.0,2.0,5.0,26.0,2.0,2.0,2.0
5484620efdf99b0379939c6a,1.0,1.0,3.0,5.0,38.0,59.0,1.0,2.0,5.0
5e80f90be6882f01c5d585f6,2.0,1.0,3.0,1.0,37.0,20.0,2.0,2.0,5.0
5e55d68e53ecf15d91da06e1,2.0,5.0,2.0,5.0,21.0,29.0,1.0,2.0,5.0
5c53f5346ed2fc00016bb6dc,2.0,1.0,2.0,2.0,40.0,19.0,2.0,2.0,5.0
5c105aa011fe9a00013cd27b,2.0,1.0,2.0,2.0,5.0,29.0,1.0,2.0,5.0
5cfb286697fb270001192074,1.0,1.0,2.0,4.0,38.0,44.0,2.0,2.0,4.0
5e1162636a5bff8326aa010d,2.0,7.0,2.0,3.0,22.0,19.0,2.0,2.0,5.0
5d1c364ec2696c0019647629,2.0,1.0,1.0,7.0,5.0,31.0,1.0,2.0,4.0
5be369b28bc5d60001da2c52,1.0,2.0,2.0,3.0,20.0,37.0,1.0,2.0,4.0
5de1a7ca725abb209ef69f4f,1.0,1.0,4.0,1.0,17.0,28.0,2.0,2.0,1.0
5e35e01b5bfa43595d69621d,1.0,3.0,4.0,1.0,30.0,54.0,2.0,2.0,5.0
5e5f52a5ff7c2b2952c41638,2.0,1.0,2.0,3.0,5.0,19.0,1.0,2.0,5.0
5e63d7822c147615c0dbc3bc,2.0,1.0,1.0,7.0,5.0,18.0,2.0,2.0,4.0
593a1500771f6b00014b19a2,2.0,1.0,1.0,6.0,43.0,50.0,1.0,2.0,5.0
5e76df981c906f2566c38155,2.0,1.0,1.0,6.0,17.0,20.0,2.0,2.0,5.0
5b09c34e3ce45d00016c8619,2.0,2.0,2.0,1.0,9.0,29.0,2.0,2.0,4.0
5e059d716f6c63fd5191beca,2.0,1.0,2.0,2.0,5.0,43.0,2.0,2.0,5.0
5e7f2688ac2c275f03b6ea22,1.0,3.0,3.0,5.0,47.0,34.0,1.0,2.0,5.0
5d54851837efaa001bb2969c,1.0,4.0,3.0,2.0,5.0,41.0,1.0,2.0,5.0
5db2cfc2aa1295000aa719c1,1.0,3.0,2.0,1.0,5.0,24.0,1.0,2.0,5.0
5d58db559fe0f000170f3e8e,1.0,1.0,2.0,1.0,5.0,26.0,2.0,2.0,5.0
58d4c4c287b2420001263b6a,2.0,1.0,2.0,1.0,5.0,53.0,2.0,2.0,7.0
5d25fb29c03bad001a86e557,1.0,2.0,3.0,1.0,9.0,40.0,1.0,3.0,5.0
5c2854db89f035000174b3d0,1.0,3.0,2.0,2.0,21.0,47.0,1.0,2.0,6.0
5e509cdb810ea30ef48f0080,1.0,4.0,3.0,3.0,15.0,28.0,2.0,2.0,5.0
5e7e68ee0d34ae53c9794226,1.0,5.0,2.0,2.0,5.0,24.0,1.0,2.0,5.0
5589629cfdf99b72eb003eee,1.0,3.0,2.0,1.0,3.0,41.0,2.0,2.0,5.0
5c89de28d810a700159dd315,3.0,1.0,2.0,2.0,22.0,63.0,1.0,2.0,5.0
5df936ce361a856c07fb1e9e,1.0,3.0,2.0,1.0,23.0,32.0,1.0,2.0,5.0
56494d5b6902220012c4acb7,1.0,1.0,1.0,7.0,14.0,58.0,2.0,2.0,5.0
5cc45845bbae0c0001b3f6f6,3.0,5.0,3.0,2.0,11.0,52.0,1.0,2.0,5.0
5d6413bc6512d700159fb0e1,2.0,1.0,1.0,6.0,36.0,40.0,2.0,2.0,5.0
5be88f239da4980001f20bae,1.0,2.0,2.0,2.0,20.0,49.0,2.0,2.0,5.0
5e6c5166aa16f121deb6db45,2.0,1.0,2.0,2.0,37.0,37.0,1.0,2.0,2.0
591e496df399850001c51a75,1.0,3.0,2.0,2.0,24.0,28.0,2.0,2.0,5.0
5da8eb474b80cd00163fa5d9,1.0,1.0,1.0,6.0,46.0,43.0,1.0,2.0,5.0
5e1d2a638fa1460b868dc1bb,2.0,7.0,3.0,3.0,22.0,19.0,1.0,2.0,2.0
59d5888d21977e0001d630f3,2.0,1.0,3.0,4.0,43.0,21.0,2.0,1.0,5.0
5c5e4e5106006e0001db8f0c,1.0,5.0,4.0,1.0,5.0,40.0,1.0,1.0,1.0
5e4547fb954b01021f8c7c5c,1.0,6.0,2.0,1.0,43.0,36.0,1.0,2.0,5.0
5ddc898a41fb3fbef8f00b91,2.0,1.0,2.0,1.0,7.0,18.0,2.0,2.0,5.0
5e17701fc09d8b000c6ea4d4,1.0,2.0,3.0,5.0,33.0,24.0,2.0,2.0,5.0
5e72443b467dff17f098b64d,2.0,1.0,2.0,1.0,32.0,42.0,1.0,2.0,5.0
5e305edd2dd28805b1870f60,1.0,2.0,3.0,2.0,38.0,26.0,1.0,2.0,2.0
5d55d3aefd95c30019d0ddfc,2.0,1.0,4.0,4.0,5.0,22.0,1.0,2.0,2.0
5c128848c8651700019f488d,3.0,4.0,2.0,2.0,43.0,66.0,1.0,2.0,5.0
5e1532e40db892b4508c72e0,1.0,2.0,2.0,5.0,46.0,40.0,1.0,2.0,5.0
5ddd502fc5fa30ca38f81f04,2.0,1.0,4.0,4.0,5.0,51.0,2.0,1.0,6.0
5cfe1e0f9fa80d0001291ce8,1.0,1.0,2.0,2.0,37.0,21.0,2.0,2.0,6.0
5c863ce59a306000166f8582,1.0,4.0,3.0,2.0,5.0,39.0,1.0,2.0,5.0
57e4b99ac3e5930001447324,1.0,6.0,2.0,2.0,5.0,30.0,1.0,2.0,4.0
5e35a30bde69fe54124579f2,1.0,3.0,2.0,1.0,33.0,32.0,1.0,2.0,5.0
5bcbd66377740000016a64b0,3.0,3.0,2.0,2.0,21.0,65.0,2.0,2.0,5.0
5c16087a1f6f15000149a167,1.0,5.0,2.0,2.0,13.0,23.0,1.0,2.0,5.0
5a4f6c4b5f741700018a79a8,2.0,1.0,1.0,3.0,5.0,27.0,1.0,1.0,5.0
5e37ace67b6a7a72785dcfaf,2.0,1.0,3.0,4.0,5.0,18.0,1.0,2.0,2.0
5def020419398a5b744b98b9,1.0,5.0,2.0,2.0,39.0,30.0,1.0,2.0,5.0
